<?xml version="1.0" encoding="UTF-8"?>
<Configuration>
  <Appenders>
    <Console name="STDOUT" target="SYSTEM_OUT">
      <PatternLayout pattern="%d{HH:mm:ss} [%t] %-5p %F:%L : %m%n"/>
    </Console>
    <File name="FILEOUT" fileName="logs/app.log" append="true">
      <PatternLayout pattern="%d{HH:mm:ss.SSS} %-5p %C{2} : %m%n"/>
    </File>
  </Appenders>
  <Loggers>
    <Root level="debug">
      <AppenderRef ref="STDOUT"/>
      <AppenderRef ref="FILEOUT"/>
    </Root>
  </Loggers>
</Configuration>